ITEM_NAME,BARCODE,MANUFACTURER,BRAND,WEIGHT,PACKAGING_TYPE,COUNTRY,VARIANT,TYPE,FRAGRANCE_FLAVOR,PROMOTION,ADDONS,TAGLINE,IMAGE_FILE,CONFIDENCE
MOK FINE SOAP ROSE 100G,,MEIJI GHANA LIMITED,MOK,100G,BOX,GHANA,FINE,SOAP,ROSE,MORE NATURAL AND FRESH,,NATURAL AND FRESH DOUCEUR,S221234199_550719011.jpg,HIGH
MOK FINE SOAP ROSE,,MEIJI GHANA LIMITED,MOK,100G,BOX,GHANA,FINE,SOAP,ROSE,,,NATURAL AND FRESH DOUCEUR,S221234199_550719012.jpg,HIGH
U-FRESH ORANGE JUICE 350ML PLASTIC BOTTLE,,U-FRESH COMPANY LIMITED,U-FRESH,350ML,BOTTLE,GHANA,,JUICE,ORANGE,,,,S222711495_554639783.jpg,HIGH
KIVO CLASSIC TOMATO MIX,7843001698640,GREEN FIELD FZC,KIVO,70G,POUCH,CHINA,CLASSIC,TOMATO MIX,TOMATO,,"ADDED VITAMIN C, VITAMIN D3, VITAMIN E, ZINC",,S222775012_554946387.jpg,HIGH
KADI DETERGENT POWDER 250G,,DIAKITE RAMATA COMMERÇANTE,KADI,250G,SACHET,CHINA,,DETERGENT POWDER,STRONG PERFUME,,,,S222894050_555598635.jpg,HIGH
ROSE FRAGRANCE WHITENING AND MOISTURIZING SOAP,,MEIJI GHANA LIMITED,,,BOX,GHANA,WHITENING AND MOISTURIZING,SOAP,ROSE,,,"RETAIN THE MOST NATURAL PLANT ESSENCE AND VITAMINS, WHITENING AND MOISTURIZING, IMPROVE DARK YELLOW.",S221234199_550719014.jpg,LOW
MUMMY'S KITCHEN STEW SEASONING POWDER,61000412220,FAIP VENTURES,MUMMY'S KITCHEN,10G,SACHET,GHANA,STEW,SEASONING POWDER,STEW,,,,S221712802_552034736.jpg,HIGH
MUMMY'S KITCHEN SEASONING POWDER STEW RAGOUT,61000412220,FAIP VENTURES,MUMMY'S KITCHEN,10G,SACHET,GHANA,STEW RAGOUT,SEASONING POWDER,STEW,,,,S221712802_552034737.jpg,HIGH
MUMMY'S KITCHEN STEW SEASONING POWDER,61000412220,FAIP VENTURES,MUMMY'S KITCHEN,10G,SACHET,GHANA,STEW,SEASONING POWDER,CHICKEN,,,,S221712802_552034738.jpg,HIGH
MUMMY'S KITCHEN STEW SEASONING,61000412220,FAIP VENTURES,MUMMY'S KITCHEN,17G,SACHET,GHANA,,SEASONING POWDER,CHICKEN,,,,S221712802_552034740.jpg,HIGH
U-FRESH ORANGE JUICE DRINK 350ML PLASTIC BOTTLE,,U-FRESH COMPANY LIMITED,U-FRESH,350ML,BOTTLE,GHANA,,JUICE DRINK,ORANGE,,,,S222711495_554639782.jpg,HIGH
U-FRESH ORANGE JUICE DRINK 350ML,,U-FRESH COMPANY LIMITED,U-FRESH,350ML,BOTTLE,GHANA,,JUICE DRINK,ORANGE,,,IT TASTE FRESH,S222711495_554639784.jpg,HIGH
U-FRESH ORANGE JUICE DRINK 350ML,,U-FRESH COMPANY LIMITED,U-FRESH,350ML,BOTTLE,GHANA,,JUICE DRINK,ORANGE,,,,S222711495_554639785.jpg,HIGH
KIVO CLASSIC TOMATO MIX,7843001698640,GREEN FIELD FZC,KIVO,70G,SACHET,CHINA,CLASSIC,TOMATO MIX,TOMATO,,"ADDED VITAMIN C, D3, E & ZINC",,S222775012_554946385.jpg,HIGH
KIVO CLASSIC TOMATO MIX,7843001698640,GREEN FIELD FZC,KIVO,70G,SACHET,CHINA,CLASSIC,TOMATO MIX,TOMATO,,ZINC ADDED VITAMIN C & E,,S222775012_554946386.jpg,HIGH
,,MEIJI GHANA LIMITED,,,BOX,GHANA,,,,,,,S221234199_550719013.jpg,LOW
MUMMY'S KITCHEN STEW SEASONING POWDER RAGOÛT,61000412220,FAIP VENTURES,MUMMY'S KITCHEN,10G,SACHET,GHANA,STEW,SEASONING POWDER,CHICKEN,,,,S221712802_552034739.jpg,HIGH
THIS WAY INSTANT SWEETENED CHOCOLATE DRINK POWDER,,ATONA FOOD INVESTMENTS,THIS WAY,,SACHET,GHANA,,CHOCOLATE DRINK POWDER,CHOCOLATE,,,ENJOY ITS SMOOTH CREAMY TASTE!,S222985766_556022647.jpg,MEDIUM
THIS WAY INSTANT SWEETENED CHOCOLATE DRINK,,ATONA FOOD INVESTMENTS,THIS WAY,,SACHET,GHANA,,CHOCOLATE POWDER,CHOCOLATE,JUST ADD HOT WATER & ENJOY!,,ENJOY ITS SMOOTH CREAMY TASTE!,S222985766_556022670.jpg,MEDIUM
SISTER GINGER & GARLIC FLAVOR SEASONING POWDER 10G,,XIAMAN OASIS FOOD COMPANY LTD,SISTER,10G,SACHET,CHINA,,SEASONING POWDER,GINGER & GARLIC,,HALAL,,S222992219_556061319.jpg,HIGH
TASTY TOM GINGER & GARLIC SEASONING POWDER 8G,,NUTRIFOODS,TASTY TOM,8G,SACHET,CHINA,GINGER & GARLIC,SEASONING POWDER,GINGER & GARLIC,,,,S223266096_557429181.jpg,HIGH
TASTY TOM GINGER & GARLIC SEASONING POWDER,,NUTRIFOODS,TASTY TOM,8G,SACHET,CHINA,,SEASONING POWDER,GINGER & GARLIC,,,,S223266096_557429182.jpg,HIGH
TASTY TOM GINGER & GARLIC SEASONING POWDER 8G,,NUTRIFOODS,TASTY TOM,8G,SACHET,CHINA,,SEASONING POWDER,GINGER & GARLIC,,,"RICH AROMA, RICH TASTE",S223266096_557429183.jpg,HIGH
MOSSE CLEAN GOWNS 3 IN 1 DETERGENT POWDER,,AFRICAN KINGDOM GENERAL TRADING CO. LTD.,MOSSE,80G,SACHET,GHANA,3 IN 1,DETERGENT POWDER,,,,,S223756617_559832142.jpg,HIGH
MOSSE CLEAN GOWNS 3 IN 1 DETERGENT POWDER 80G SACHET,,AFRICAN KINGDOM GENERAL TRADING CO. LTD.,MOSSE CLEAN,80G,SACHET,GHANA,3 IN 1,DETERGENT POWDER,,,,,S223756617_559832143.jpg,HIGH
KIVO CLASSIC TOMATO MIX SACHET 70G,7843001698640,GREEN FIELD FZC,KIVO,70G,SACHET,CHINA,CLASSIC,TOMATO MIX,TOMATO,,"ADDED ZINC, VITAMIN E, VITAMIN C, VITAMIN D3",,S222775012_554946384.jpg,HIGH
KADI STRONG CLEANING DETERGENT POWDER,,DIAKITE RAMATA COMMERÇANTE,KADI,250G,SACHET,CHINA,STRONG CLEANING,DETERGENT POWDER,,,,,S222894050_555598636.jpg,HIGH
THIS WAY INSTANT SWEETENED CHOCOLATE DRINK,,ATONA FOOD INVESTMENTS,THIS WAY,40G,SACHET,GHANA,INSTANT SWEETENED,CHOCOLATE DRINK,CHOCOLATE,,,GOOD! WHY NOT ANOTHER?,S222985766_556022646.jpg,HIGH
SISTER SEASONING POWDER GINGER & GARLIC FLAVOR,,XIAMAN OASIS FOOD COMPANY LTD,SISTER,,SACHET,CHINA,GINGER & GARLIC,SEASONING POWDER,GINGER & GARLIC,,,,S222992219_556061320.jpg,MEDIUM
SISTER POWDER GINGER AND GARLIC SACHET,,XIAMAN OASIS FOOD COMPANY LTD,SISTER,10G,SACHET,CHINA,,SEASONING POWDER,GINGER & GARLIC,,,,S222992219_556061321.jpg,HIGH
SISTER SEASONING POWDER GINGER & GARLIC FLAVOR 10G,,XIAMAN OASIS FOOD COMPANY LTD,SISTER,10G,SACHET,CHINA,,SEASONING POWDER,GINGER & GARLIC,,,,S222992219_556061322.jpg,HIGH
TASTY TOM GINGER AND GARLIC SEASONING POWDER 8G SACHET,,NUTRIFOODS,TASTY TOM,8G,SACHET,CHINA,,SEASONING POWDER,GINGER & GARLIC,,,,S223266096_557429184.jpg,HIGH
MOSSE CLEAN GOWNS 3 IN 1 DETERGENT POWDER 80G,,AFRICAN KINGDOM GENERAL TRADING CO. LTD.,MOSSE,80G,SACHET,GHANA,CLEAN GOWNS 3 IN 1,DETERGENT POWDER,LONG-LASTING FRAGRANCE,,"STAIN REMOVAL, POWERFUL CLEANING, FABRIC SOFTENER",PROTECTION DES COULEURS,S223756617_559832141.jpg,HIGH
MOSSE CLEAN GOWNS 3 IN 1 DETERGENT POWDER,,AFRICAN KINGDOM GENERAL TRADING CO. LTD.,MOSSE CLEAN,80G,SACHET,GHANA,3 IN 1,DETERGENT POWDER,,,,,S223756617_559832144.jpg,HIGH
KALYPPO MULTIFRUIT JUICE 250ML,,AQUAFRESH,KALYPPO,250ML,BOX,GHANA,MULTIFRUIT,JUICE,MULTIFRUIT,,CONTAINS NO PRESERVATIVES,THE NATURAL JUICE DRINK,S225637028_565425765.jpg,HIGH
KALYPPO MULTIFRUITA JUICE 250ML,,AQUAFRESH,KALYPPO,250ML,BOX,GHANA,MULTIFRUITA,JUICE,MULTIFRUIT,,STRAW,BOISSON NATURELLE,S225637028_565425766.jpg,HIGH
KALYPPO MULTIFRUIT 250ML,,AQUAFRESH,KALYPPO,250ML,CARTON,GHANA,MULTIFRUIT,JUICE,MULTIFRUIT,THIS CARTON CONTAINS THE RECOMMENDED DAILY ALLOWANCE OF VITAMIN C,,,S225637028_565425767.jpg,HIGH
KALYPPO MULTIFRUIT JUICE 250ML,,AQUAFRESH,KALYPPO,250ML,TETRA PAK,GHANA,MULTIFRUIT,JUICE,MULTIFRUIT,,,,S225637028_565425768.jpg,HIGH
SIYA DOUBLE CONCENTRATED TOMATO PASTE 2200G BRIX 28-30% MIN,8850213110670,SYNERGY ENTREPRISES (FZE),SIYA,2200G,CAN,CHINA,DOUBLE CONCENTRATED,TOMATO PASTE,TOMATO,,,PLEIN DE PLAISIR,S227094844_568727215.jpg,HIGH
SIYA PREMIUM QUALITY DOUBLE CONCENTRATED TOMATO PASTE 2200G,8850213110670,SYNERGY ENTREPRISES (FZE),SIYA,2200G,TIN,CHINA,DOUBLE CONCENTRATED,TOMATO PASTE,,,,PREMIUM QUALITY,S227094844_568727216.jpg,HIGH
SIYA DOUBLE CONCENTRATED TOMATO,8850213110670,SYNERGY ENTREPRISES (FZE),SIYA,2200G,CAN,CHINA,DOUBLE CONCENTRATED,TOMATO,TOMATO,,,,S227094844_568727217.jpg,HIGH
SIYA PREMIUM DOUBLE CONCENTRATED TOMATO PASTE,8850213110670,SYNERGY ENTREPRISES (FZE),SIYA,2.2KG,TIN,CHINA,DOUBLE CONCENTRATED,TOMATO PASTE,TOMATO,,,,S227094844_568727218.jpg,HIGH
TAPOK PREMIUM BLACK TEA 2GX100PCS BOX ETK,,ETKAF,TAPOK,200G,BOX,INDIA,PREMIUM,BLACK TEA,,,100 PCS,,S227303151_569242988.jpg,HIGH
TAPOK PREMIUM BLACK TEA 2GX100PCS BOX,,ETKAF,TAPOK,200G,BOX,INDIA,,TEA,,,,,S227303151_569242989.jpg,HIGH
TAPOK PREMIUM BLACK TEA 2GX100PCS BOX ETKAF,,ETKAF,TAPOK,200G,BOX,INDIA,PREMIUM,TEA,BLACK TEA,,100 SACHETS,,S227303151_569242990.jpg,HIGH
TAPOK PREMIUM BLACK TEA,,ETKAF,TAPOK,200G,BOX,INDIA,PREMIUM,TEA,BLACK TEA,,100 TEABAG WITH ENVELOPES,,S227303151_569242991.jpg,HIGH
JOJONAVI STRAWBERRY JUICE DRINK,,NAT VET PHAT FOOD CO. LIMITED,JOJONAVI,,CAN,VIETNAM,,JUICE DRINK,STRAWBERRY,,,,S228661692_572270415.jpg,MEDIUM
JOJONAVI STRAWBERRY JUICE DRINK,,NAT VET PHAT FOOD CO. LIMITED,JOJONAVI,330ML,CAN,VIETNAM,,JUICE DRINK,STRAWBERRY,,,,S228661692_572270416.jpg,HIGH
JOJONAVI STRAWBERRY JUICE DRINK,,NAT VET PHAT FOOD CO. LIMITED,JOJONAVI,,CAN,VIETNAM,,JUICE DRINK,STRAWBERRY,,,,S228661692_572270417.jpg,MEDIUM
JOJONAVI STRAWBERRY JUICE DRINK 330ML CAN,,NAT VET PHAT FOOD CO. LIMITED,JOJONAVI,330ML,CAN,VIETNAM,,JUICE DRINK,STRAWBERRY,,,,S228661692_572270418.jpg,HIGH
BRISK FARM TOMATO MIX 56G,,GB FOOD,BRISK FARM,56G,SACHET,GHANA,,TOMATO MIX,TOMATO,,"GOOD SOURCE OF VITAMIN A, C, E, ZINC, IRON",,S229358414_573881286.jpg,HIGH
"BRISK FARM TOMATO MIX TOMATO BASED PREPARATION FOR SOUP, STEW, AND RICE",,GB FOOD,BRISK FARM,,POUCH,GHANA,,TOMATO MIX,TOMATO,,NATURAL TOMATO SOLID CONTENT MIN 7%,,S229358414_573881287.jpg,MEDIUM
BRISK FARM TOMATO MIX 56G,,GB FOOD,BRISK FARM,56G,POUCH,GHANA,,TOMATO MIX,TOMATO,"GOOD SOURCE OF VIT A, FIBRE, IODINE, ZINC",,,S229358414_573881288.jpg,HIGH
BRISK FARM TOMATO MIX,,GB FOOD,BRISK FARM,,POUCH,GHANA,,TOMATO MIX,TOMATO,,,,S229358414_573881289.jpg,MEDIUM
C'PROPRE WASHING POWDER 99% ANTIBACTERIAL ROSE 80G,,,C'PROPRE,80G,SACHET,CHINA,ANTIBACTERIAL,WASHING POWDER,ROSE,,,SMELL FOR 12 HOURS,S229382754_573936655.jpg,HIGH
C'PROPRE WASHING POWDER 80G,,,C'PROPRE,80G,SACHET,CHINA,,WASHING POWDER,PLEASANT AROMA,,,99% ANTIBACTERIAL,S229382754_573936656.jpg,HIGH
NESTLE CHOCOLIM INSTANT COCOA MIX 400G SACHET,330006832120,NESTLE GHANA LIMITED,NESTLE,400G,SACHET,GHANA,,COCOA MIX,COCOA,SAME GREAT TASTE,,ENJOY THE TASTE FEEL THE GOODNESS,S229468250_574108243.jpg,HIGH
NESTLE CHOCOLIM INSTANT COCOA MIX 400G,330006832120,NESTLE GHANA LIMITED,NESTLE,400G,SACHET,GHANA,,COCOA MIX,COCOA,SAME GREAT TASTE,,ENJOY THE TASTE FEEL THE GOODNESS,S229468250_574108245.jpg,HIGH
CHOCOLIM INSTANT COCOA MIX,330006832120,NESTLE GHANA LIMITED,NESTLE CHOCOLIM,,POUCH,GHANA,,POWDER,COCOA,,,"GOOD FOOD, GOOD LIFE.",S229468250_574108246.jpg,MEDIUM
GET 3X1 TOP CLEAN DETERGENT EN POUDRE,7863687794670,SDTM-CI,GET,180G,SACHET,CÔTE D'IVOIRE,TOP CLEAN,DETERGENT,,ECONOMIQUE,3X1,,S229526979_574209802.jpg,HIGH
GET 3X1 TOP CLEAN ACTIVATED POWDER DETERGENT,7863687794670,SDTM-CI,GET,180G,SACHET,CÔTE D'IVOIRE,,POWDER DETERGENT,PERFUMED,,"FOAMING, BRIGHT, ACTIVE FOR WHITE & COLORED CLOTHES",,S229526979_574209803.jpg,HIGH
GET ECONOMIQUE 3X1 TOP CLEAN DETERGENT EN POUDRE 180G,7863687794670,SDTM-CI,GET,180G,SACHET,CÔTE D'IVOIRE,ECONOMIQUE 3X1 TOP CLEAN,DETERGENT POWDER,,NOUVEAU,,,S229526979_574209804.jpg,HIGH
GET 3X1 TOP CLEAN FOAMING BRIGHT ACTIVE PERFUMED POWDER DETERGENT 180G,7863687794670,SDTM-CI,GET,180G,SACHET,CÔTE D'IVOIRE,3X1,POWDER DETERGENT,PERFUMED,,,,S229526979_574209805.jpg,HIGH
KINGSAM MARGARINE RICH BUTTER TASTE,,MAYAAN INTERNATIONAL,KINGSAM,250G,POUCH,INDONESIA,,MARGARINE,RICH BUTTER TASTE,,,,S229664512_574505991.jpg,HIGH
KINGSAM MARGARINE RICH BUTTER TASTE 250G SACHET,,MAYAAN INTERNATIONAL,KINGSAM,250G,SACHET,INDONESIA,RICH BUTTER TASTE,MARGARINE,BUTTER,,,,S229664512_574505992.jpg,HIGH
CHOCOLIM INSTANT COCOA MIX,330006832120,NESTLE GHANA LIMITED,NESTLE CHOCOLIM,,POUCH,GHANA,,COCOA MIX,COCOA,,PACK CONTAINS 20 PORTIONS,"GOOD FOOD, GOOD LIFE.",S229468250_574108244.jpg,MEDIUM
KINGSAM MARGARINE RICH BUTTER TASTE,,MAYAAN INTERNATIONAL,KINGSAM,250G,SACHET,INDONESIA,RICH BUTTER TASTE,MARGARINE,BUTTER,,,,S229664512_574505994.jpg,HIGH
ENA PA MAYONNAISE PREMIUM,,MENKISH IMPEX L,ENA PA,1000ML,JAR,GHANA,PREMIUM,MAYONNAISE,,NEW QUALITY,,,S229664513_574506003.jpg,HIGH
ENA PA MAYONNAISE PREMIUM 1000ML GLASS JAR,,MENKISH IMPEX L,ENA PA,1000ML,JAR,GHANA,PREMIUM,MAYONNAISE,,,,,S229664513_574506005.jpg,HIGH
ENA PA MAYONNAISE PREMIUM 1000ML GLASS JAR,,MENKISH IMPEX L,ENA PA,1000ML,JAR,GHANA,PREMIUM,MAYONNAISE,,,,,S229664513_574506006.jpg,HIGH
SO KLIN CONCENTRATED DETERGENT,,EKO SUPREME RESOURCES NIG. LTD.,SO KLIN,,POUCH,NIGERIA,CONCENTRATED,DETERGENT POWDER,,"2X CLEANING POWER, FREE-FLOW POWDER DISSOLVES EASY",WITH SNOW POWDER TECH,EVERY GRAIN WORKS FOR YOU,S229688224_574564715.jpg,MEDIUM
SOKLIN CONCENTRATED DETERGENT,,EKO SUPREME RESOURCES NIG. LTD.,SOKLIN,800G,POUCH,NIGERIA,,DETERGENT POWDER,,"SNOW POWDER TECH, 2X CLEANING POWER, 30% CONCENTRATED FORMULA","COLOUR GUARD, GENTLE ON HANDS AND FABRIC, SUITABLE FOR HAND AND MACHINE WASH",REMOVES STUBBORN STAINS FOR A SPOTLESSLY CLEAN LAUNDRY,S229688224_574564716.jpg,HIGH
SO KLIN CONCENTRATED DETERGENT POWDER,,EKO SUPREME RESOURCES NIG. LTD.,SO KLIN,,POUCH,NIGERIA,CONCENTRATED,DETERGENT,,"2X CLEANING POWER, 30% CONCENTRATED FORMULA, SNOW POWDER DISSOLVES EASY",SNOW POWDER TECH,,S229688224_574564717.jpg,MEDIUM
SO KLIN CONCENTRATED DETERGENT,,EKO SUPREME RESOURCES NIG. LTD.,SO KLIN,,POUCH,NIGERIA,CONCENTRATED,DETERGENT,,"TRUSTED BY MILLIONS, TECHNOLOGY INNOVATION",,,S229688224_574564718.jpg,MEDIUM
MERRY CHRISTMAS BEL-COLA SOFT DRINK,,BLOW CHEM INDUSTRIES LTD,BEL-COLA,350ML,BOTTLE,GHANA,,SOFT DRINK,COLA,MERRY CHRISTMAS,,,S229812956_574853705.jpg,HIGH
TOPCAFÉ CAPPUCCINO COFFEE MIX 3 IN 1,,PT HANIM ALAM SEGAR GRESIK,TOPCAFÉ,25G,SACHET,INDONESIA,CAPPUCCINO,COFFEE MIX,CAPPUCCINO,,CRUNCHY CHOCO MALT,,S229332556_573802079.jpg,HIGH
ENA PA MAYONNAISE PREMIUM 1000ML GLASS JAR,,MENKISH IMPEX L,ENA PA,1000ML - 940G,JAR,GHANA,PREMIUM,MAYONNAISE,,,,,S229664513_574506004.jpg,HIGH
BEL-AQUA COLA SOFT DRINK,,BLOW CHEM INDUSTRIES LTD,BEL-AQUA,,BOTTLE,GHANA,,SOFT DRINK,COLA,,,,S229812956_574853707.jpg,MEDIUM
MERRY CHRISTMAS BEL-COLA SOFT DRINK 350ML,,BLOW CHEM INDUSTRIES LTD,BEL-COLA,350ML,BOTTLE,GHANA,,SOFT DRINK,COLA,MERRY CHRISTMAS,,,S229812956_574853708.jpg,HIGH
LELE MAYONNAISE 250ML,,AJC TRADING CO LTD,LELE,250ML,JAR,BELGIUM,,MAYONNAISE,,100% PREMIUM QUALITY,,,S230162154_575933431.jpg,HIGH
LELE MAYONNAISE,,AJC TRADING CO LTD,LELE,250ML,JAR,BELGIUM,,MAYONNAISE,,,,,S230162154_575933432.jpg,HIGH
SISTER STEW SEASONING POWDER,69706792440,B-DIET,SISTER,10G,SACHET,CHINA,STEW,POWDER,,,HALAL,,S230256650_576140692.jpg,HIGH
SISTER STEW SEASONING POWDER,69706792440,B-DIET,SISTER,,SACHET,CHINA,,SEASONING POWDER,STEW,,,,S230256650_576140693.jpg,MEDIUM
SISTER STEW SEASONING POWDER,69706792440,B-DIET,SISTER,10G,SACHET,CHINA,STEW,SEASONING POWDER,STEW,,,,S230256650_576140695.jpg,HIGH
ZAA-NUTRIMIX INSTANT CEREAL-LEGUME FLOUR,69706792440,B-DIET,B-DIET,60G,POUCH,CHINA,,INSTANT CEREAL-LEGUME FLOUR,,,,QUICK MEAL FOR ALL AGES FROM SIX MONTHS,S230256650_576140696.jpg,HIGH
MERRY CHRISTMAS BEL ORIGINAL MALT CARBONATED SOFT DRINK 330ML BOTTLE,,BLOW CHEM INDUSTRIES LTD,BEL,330ML,BOTTLE,GHANA,ORIGINAL MALT,CARBONATED SOFT DRINK,MALT,MERRY CHRISTMAS,,,S229812956_574853706.jpg,HIGH
SISTER STEW SEASONING POWDER,69706792440,B-DIET,SISTER,10G,SACHET,CHINA,STEW,SEASONING POWDER,,,HALAL,,S230256650_576140694.jpg,HIGH
ZAA-NUTRIMIX INSTANT CEREAL-LEGUME FLOUR,69706792440,B-DIET,B-DIET,60G,POUCH,CHINA,,CEREAL MIX,,,,QUICK MEAL FOR ALL AGES FROM SIX MONTHS,S230256650_576140698.jpg,HIGH
ZESTA GINGER BLACK TEA 25+7 FREE ENVELOPED TEABAGS 57.6G,,SUNSHINE TEA (PRIVATE) LIMITED,ZESTA,57.6G,BOX,SRI LANKA,,BLACK TEA,GINGER,25+7 FREE,ENVELOPED TEABAGS,,S230284547_576205486.jpg,HIGH
ZESTA STRAWBERRY BLACK TEA 25 + 7 FREE ENVELOPED TEA BAGS,,SUNSHINE TEA (PRIVATE) LIMITED,ZESTA,57.6G,BOX,SRI LANKA,,TEA,STRAWBERRY,25 + 7 FREE,ENVELOPED TEA BAGS,,S230690915_577091457.jpg,HIGH
ZESTA STRAWBERRY TEA BAGS,,SUNSHINE TEA (PRIVATE) LIMITED,ZESTA,57.6G,BOX,SRI LANKA,,TEA BAGS,STRAWBERRY,25+7 FREE TEABAG,ENVELOPED,THE ART OF TEA,S230690915_577091458.jpg,HIGH
ZESTA STRAWBERRY 25+7 FREE TEA BAGS 57.6G BOX,,SUNSHINE TEA (PRIVATE) LIMITED,ZESTA,57.6G,BOX,SRI LANKA,,TEA BAGS,STRAWBERRY,25+7 FREE,7 FREE TEA BAGS,,S230690915_577091459.jpg,HIGH
GOLDEN VICTORIA GINGER CLOVES FLAVOURED BLACK TEA 25+5 ENVELOPED TEA BAGS 60G,,SUNSHINE TEA (PRIVATE) LIMITED,GOLDEN VICTORIA,60G,BOX,SRI LANKA,GINGER CLOVES FLAVOURED BLACK TEA,TEA BAGS,GINGER CLOVES,FREE 5 TEA BAGS,ENVELOPED TEA BAGS,THE QUEEN OF TEA,S230690915_577091460.jpg,HIGH
GOLDEN VICTORIA GINGER CLOVES FLAVOURED BLACK TEA 25+5 ENVELOPED TEA BAGS,,SUNSHINE TEA (PRIVATE) LIMITED,GOLDEN VICTORIA,,BOX,SRI LANKA,,BLACK TEA,GINGER CLOVES,25+5,ENVELOPED TEA BAGS,THE QUEEN OF TEA,S230690915_577091461.jpg,MEDIUM
JAY TEA VICTORIA GINGER CLOVES BLACK TEA 25+5 FREE TEABAGS 60G,,SUNSHINE TEA (PRIVATE) LIMITED,JAY TEA VICTORIA,60G,BOX,SRI LANKA,GINGER CLOVES,BLACK TEA,"GINGER, CLOVES, CINNAMON, BLACK PEPPER, NUTMEG",25+5 FREE TEABAGS,30 TEABAGS,,S230690915_577091462.jpg,HIGH
KINGSAM MARGARINE RICH BUTTER TASTE 250G SACHET,,MAYAAN INTERNATIONAL,KINGSAM,250G,SACHET,INDONESIA,RICH BUTTER TASTE,MARGARINE,BUTTER,,,,S229664512_574505993.jpg,HIGH
LELE MAYONNAISE 250ML,,AJC TRADING CO LTD,LELE,250MLE,JAR,BELGIUM,,MAYONNAISE,,,,,S230162154_575933430.jpg,HIGH
ZAA NUTRI MIX INSTANT CEREAL LEGUME FLOUR,69706792440,B-DIET,ZAA NUTRI MIX,60G,SACHET,CHINA,,INSTANT CEREAL,,,,,S230256650_576140697.jpg,HIGH
ZAA NUTRIMIX INSTANT CEREAL LEGUME FLOUR,69706792440,B-DIET,B-DIET,60G,POUCH,CHINA,,INSTANT CEREAL,,,,,S230256650_576140699.jpg,HIGH
ZESTA STRAWBERRY ENVELOPED TEA BAGS,,SUNSHINE TEA (PRIVATE) LIMITED,ZESTA,57.6G,BOX,SRI LANKA,,TEA,STRAWBERRY,25+7 FREE,,THE ART OF TEA,S230690915_577091456.jpg,HIGH
GOLDEN VICTORIA GINGER CLOVES FLAVOURED BLACK TEA 25+5 ENVELOPED TEA BAGS 60G,,SUNSHINE TEA (PRIVATE) LIMITED,GOLDEN VICTORIA,60G,BOX,SRI LANKA,FLAVOURED BLACK TEA,TEA,GINGER CLOVES,FREE 5 TEA BAGS,ENVELOPED TEA BAGS,THE QUEEN OF TEA,S230690915_577091463.jpg,HIGH
"GOLDEN VICTORIA SPICY GINGER FLAVOURED BLACK TEA, 25+5 ENVELOPED TEA BAGS",,SUNSHINE TEA (PRIVATE) LIMITED,GOLDEN VICTORIA,,BOX,SRI LANKA,SPICY GINGER,TEA,GINGER,FREE 5 TEA BAGS,ENVELOPED TEA BAGS,THE QUEEN OF TEA,S230690915_577091464.jpg,MEDIUM
GOLDEN VICTORIA SPICY GINGER FLAVOURED BLACK TEA,,SUNSHINE TEA (PRIVATE) LIMITED,GOLDEN VICTORIA,,BOX,SRI LANKA,,BLACK TEA,SPICY GINGER,25+5 FREE,ENVELOPED TEA BAGS,THE QUEEN OF TEA,S230690915_577091465.jpg,MEDIUM
BAMA MAYONNAISE WITH LEMON,,GBFOODS BELGIUM NV,BAMA,840ML,JAR,BELGIUM,WITH LEMON,MAYONNAISE,LEMON,,HALAL CERTIFIED PRODUCT,,S230912494_577601193.jpg,HIGH
BAMA MAYONNAISE WITH LEMON 840ML,,GBFOODS BELGIUM NV,BAMA,840ML,JAR,BELGIUM,LEMON,MAYONNAISE,LEMON,,,,S230912494_577601195.jpg,HIGH
BAMA REAL MAYONNAISE WITH A DASH OF LEMON,,GBFOODS BELGIUM NV,BAMA,840ML,JAR,BELGIUM,WITH A DASH OF LEMON,MAYONNAISE,LEMON,,,,S230912494_577601192.jpg,HIGH
BAMA MAYONNAISE WITH LEMON 840ML GLASS JAR,,GBFOODS BELGIUM NV,BAMA,840ML,JAR,BELGIUM,LEMON,MAYONNAISE,LEMON,,,,S230912494_577601194.jpg,HIGH
U-FRESH APPLE SOFT DRINK 350ML,,U-FRESH CO GHANA LTD,U-FRESH,350ML,BOTTLE,GHANA,,SOFT DRINK,APPLE,,,,S230970047_577721222.jpg,HIGH
U-FRESH APPLE SOFT DRINK,,U-FRESH CO GHANA LTD,U-FRESH,350ML,BOTTLE,GHANA,,SOFT DRINK,APPLE,,,,S230970047_577721224.jpg,HIGH
VIBE STRAWBERRY FLAVOURED ENERGY DRINK,54013988180,COCA COLA COMPANY GHANA LTD,VIBE,350ML,BOTTLE,GHANA,,ENERGY DRINK,STRAWBERRY,DRINK SCAN & ENJOY,,,S231045463_577932905.jpg,HIGH
VIBE ENERGY STRAWBERRY FLAVOURED DRINK,54013988180,COCA COLA COMPANY GHANA LTD,VIBE,350ML,BOTTLE,GHANA,,ENERGY DRINK,STRAWBERRY,,,,S231045463_577932906.jpg,HIGH
VIBE ENERGY STRAWBERRY FLAVOURED 350ML PLASTIC BOTTLE,54013988180,COCA COLA COMPANY GHANA LTD,VIBE,350ML,BOTTLE,GHANA,,ENERGY DRINK,STRAWBERRY,DRINK. SCAN & ENJOY,"HIGH IN CAFFEINE, VITAMINS B3 AND B1",,S231045463_577932907.jpg,HIGH
VIBE ENERGY STRAWBERRY FLAVOURED DRINK,54013988180,COCA COLA COMPANY GHANA LTD,VIBE,350ML,BOTTLE,GHANA,,ENERGY DRINK,STRAWBERRY,,,,S231045463_577932908.jpg,HIGH
VIBE STRAWBERRY FLAVOURED ENERGY DRINK,54013988180,COCA COLA COMPANY GHANA LTD,VIBE,950ML,BOTTLE,GHANA,STRAWBERRY,ENERGY DRINK,STRAWBERRY,"DRINK, SCAN & ENJOY",,,S231045463_577932910.jpg,HIGH
"POMO TOMATO MIX MIXTURE DE TOMATE TOMATO BASED PREPARATION FOR SOUP, STEW AND RICE",,GB FOODS GHANA LTD,POMO,14G,SACHET,GHANA,,TOMATO MIX,,OPEN PACK FOR UNIQUE CODE TEXT CODE TO *844*99# WIN A CAR AND OTHER PRIZES,,,S231695950_579680164.jpg,HIGH
U-FRESH APPLE SOFT DRINK 350ML,,U-FRESH CO GHANA LTD,U-FRESH,350ML,BOTTLE,GHANA,,SOFT DRINK,APPLE,,,,S230970047_577721225.jpg,HIGH
PÓMO TOMATO MIX,,GB FOODS GHANA LTD,PÓMO,,SACHET,GHANA,NATURAL,TOMATO MIX,TOMATO,AKYEDEE SOKOO PROMO. SEE BACK OF PACK TO ENTER,"GOOD SOURCE OF VIT A, FIBRE, ZINC, IODINE",,S231695950_579680161.jpg,MEDIUM
BEL MALT ORIGINAL NON-ALCOHOLIC MALT DRINK,,BLOW CHEM INDUSTRIES,BEL MALT,330ML,BOTTLE,GHANA,ORIGINAL,MALT DRINK,,,,,S231912790_580286901.jpg,HIGH
BEL MALT ORIGINAL MALT DRINK,,BLOW CHEM INDUSTRIES,BEL MALT,330ML,BOTTLE,GHANA,ORIGINAL,MALT DRINK,,,,,S231912790_580286902.jpg,HIGH
BEL MALT ORIGINAL MALT DRINK 330ML,,BLOW CHEM INDUSTRIES,BEL MALT,330ML,BOTTLE,GHANA,ORIGINAL,MALT DRINK,MALT,,,,S231912790_580286903.jpg,HIGH
BEL MALT ORIGINAL NON-ALCOHOLIC MALT DRINK,,BLOW CHEM INDUSTRIES,BEL,330ML,BOTTLE,GHANA,ORIGINAL,MALT DRINK,,,,,S231912790_580286904.jpg,HIGH
MAGGI JOLLOF SEASONING POWDER 8G,,NESTLE,MAGGI,8G,SACHET,NIGERIA,JOLLOF,SEASONING POWDER,JOLLOF,,,WE BELIEVE IN THE POWER OF COOKING AND WE COOK THE DIFFERENCE BY CRAFTING OUR PRODUCTS WITH INGREDIENTS YOU KNOW AND LOVE,S231944657_580407724.jpg,HIGH
MAGGI SIGNATURE JOLLOF SEASONING POWDER,,NESTLE,MAGGI,8G,SACHET,NIGERIA,SIGNATURE JOLLOF,SEASONING POWDER,JOLLOF,MADE WITH INGREDIENTS YOU KNOW,,SIMPLY GOOD,S231944657_580407725.jpg,HIGH
MAGGI JOLLOF SEASONING POWDER,,NESTLE,MAGGI,8G,SACHET,NIGERIA,JOLLOF,SEASONING POWDER,,,WITH IODIZED SALT,SIMPLY COOK IT,S231944657_580407726.jpg,HIGH
PÓMO TOMATO MIX 380G,,GB FOOD GHANA,PÓMO,380G,POUCH,GHANA,,TOMATO MIX,TOMATO,AKYEDEE SOKOO PROMO. SEE BACK OF PACK TO ENTER,"GOOD SOURCE OF VIT, IODINE, ZINC. NATURAL TOMATO SOLID CONTENT: MIN 7%",,S231985315_580556435.jpg,HIGH
U-FRESH APPLE JUICE 350ML,,U-FRESH CO GHANA LTD,U-FRESH,350ML,BOTTLE,GHANA,,JUICE,APPLE,,,,S230970047_577721223.jpg,HIGH
MAGGI SIGNATURE JOLLOF SEASONING POWDER,,NESTLE,MAGGI,8G,SACHET,NIGERIA,SIGNATURE,SEASONING POWDER,JOLLOF,,,SIMPLY GOOD,S231944657_580407723.jpg,HIGH
POMO TOMATO MIX 380G,,GB FOOD GHANA,POMO,380G,SACHET,GHANA,,TOMATO MIX,TOMATO,"AKYEDEE SOKOO PROMO, SEE BACK OF PACK TO ENTER","GOOD SOURCE OF VIT, ZINC, IODINE, NATURAL TOMATO SOLID CONTENT: MIN 7%",,S231985315_580556437.jpg,HIGH
MASEDA SEASONING POWDER SOUP,21530335830,WINSTAR FOOD HOLDINGS LIMITED,MASEDA,10G,SACHET,GHANA,,SEASONING POWDER,,,,,S232726085_582404201.jpg,HIGH
MASEDA SEASONING POWDER SOUP 10G,21530335830,WINSTAR FOOD HOLDINGS LIMITED,MASEDA,10G,SACHET,GHANA,,SEASONING POWDER,SOUP,,,,S232726085_582404202.jpg,HIGH
MASEDA SOUP SEASONING POWDER,21530335830,WINSTAR FOOD HOLDINGS LIMITED,MASEDA,10G,SACHET,GHANA,,SOUP SEASONING POWDER,,,,,S232726085_582404203.jpg,HIGH
ALFA MAYONNAISE 500ML PLASTIC BOTTLE,21530335830,WINSTAR FOOD HOLDINGS LIMITED,ALFA,500ML,BOTTLE,GHANA,,MAYONNAISE,,,,A DELICIOUS FEAST IN EVERY BITE,S232726085_582404204.jpg,HIGH
ALFA MAYONNAISE 500ML PLASTIC BOTTLE,21530335830,WINSTAR FOOD HOLDINGS LIMITED,ALFA,500ML,BOTTLE,GHANA,,MAYONNAISE,,,,A DELICIOUS FEAST IN EVERY BITE,S232726085_582404206.jpg,HIGH
ROSALINDA NOODLES & SPAGHETTI SEASONING POWDER 10G,,BEE TRADING,ROSALINDA,10G,SACHET,P.R.C.,,SEASONING POWDER,,GOOD TASTE NATURAL,,,S232892532_582765826.jpg,HIGH
ROSALINDA NOODLES & SPAGHETTI SEASONING POWDER,,BEE TRADING,ROSALINDA,10G,SACHET,P.R.C.,,SEASONING POWDER,,,,,S232892532_582765827.jpg,HIGH
ALFA MAYONNAISE 500ML PLASTIC BOTTLE,21530335830,WINSTAR FOOD HOLDINGS LIMITED,ALFA,500ML,BOTTLE,GHANA,,MAYONNAISE,,,,ENJOY THE DELICIOUS TASTE IN EVERY MEAL,S232726085_582404207.jpg,HIGH
ROSALINDA NOODLES & SPAGHETTI SEASONING POWDER,,BEE TRADING,ROSALINDA,10G,SACHET,P.R.C.,,SEASONING POWDER,,,,,S232892532_582765829.jpg,HIGH
LAILA TOMATO PASTE,,ZHEJIANG NATIVE PRODUCE ANIMAL CO. LTD,LAILA,2.2KG,CAN,CHINA,,TOMATO PASTE,TOMATO,,,QUALITY PRODUCTS,S233065853_583213884.jpg,HIGH
LAILA TOMATO PASTE,,ZHEJIANG NATIVE PRODUCE ANIMAL CO. LTD,LAILA,2.2KG,CAN,CHINA,,TOMATO PASTE,TOMATO,,,,S233065853_583213885.jpg,HIGH
LAILA TOMATO PASTE 2.2KG,,ZHEJIANG NATIVE PRODUCE ANIMAL CO. LTD,LAILA,2.2KG,CAN,CHINA,,TOMATO PASTE,TOMATO,,,,S233065853_583213887.jpg,HIGH
MIKSI CHOCOLATE 3-IN-ONE INSTANT MIX DRINK 35G,,PROMASIDOR (GHANA) LTD,MIKSI,35G,SACHET,GHANA,3-IN-ONE,INSTANT MIX DRINK,CHOCOLATE,TWA NO HOT!,,CREAMY TASTI MIKSI!,S233153883_583504130.jpg,HIGH
SO KLIN SMART LIQUID DETERGENT INTENSE PERFUME 35ML,,UNILEVER INDONESIA LTD,SO KLIN SMART,35ML,SACHET,INDONESIA,INTENSE PERFUME,LIQUID DETERGENT,INTENSE PERFUME,2X CLEANER,,,S233281131_583917904.jpg,HIGH
SO KLIN SMART 2X LIQUID DETERGENT,,UNILEVER INDONESIA LTD,SOKLIN SMART,35ML,SACHET,INDONESIA,2X,LIQUID DETERGENT,,,ANTIBACTERIAL AGENT,,S233281131_583917906.jpg,HIGH
EAZZY FRESH CITRUS DETERGENT POWDER 80G,,AFRICA CONSUMER PRODUCTS,EAZZY,80G,SACHET,GHANA,,DETERGENT POWDER,FRESH CITRUS,,,FOR EASY WASHING,S233323686_584058761.jpg,HIGH
EAZZY FRESH CITRUS POWDER SACHET,,AFRICA CONSUMER PRODUCTS,EAZZY FRESH,80G,SACHET,GHANA,,POWDER,CITRUS,,,,S233323686_584058763.jpg,HIGH
EAZZY FRESH CITRUS DETERGENT POWDER 80G,,AFRICA CONSUMER PRODUCTS,EAZZY,80G,SACHET,GHANA,FRESH CITRUS,DETERGENT POWDER,FRESH CITRUS,,"CLEANS, FRESHENS, WHITENS, BRIGHTENS",FOR EASY WASHING,S233323686_584058764.jpg,HIGH
LUX BAR BRIGHT IMPRESS,,UNILEVER,LUX,80G,WRAPPER,INDONESIA,BRIGHT IMPRESS,BAR,ROSE JASMINE LOTUS MINT,,,,S233457181_584380460.jpg,HIGH
VIBE ENERGY STRAWBERRY FLAVOURED DRINK,54013988180,COCA COLA COMPANY GHANA LTD,VIBE,350ML,BOTTLE,GHANA,,ENERGY DRINK,STRAWBERRY,,,,S231045463_577932909.jpg,HIGH
POMO TOMATO MIX,,GB FOOD GHANA,POMO,,SACHET,GHANA,,TOMATO MIX,TOMATO,"OPEN PACK FOR UNIQUE CODE, TEXT CODE TO *99*, WIN A CAR AND OTHER PRIZES",HALAL,,S231985315_580556436.jpg,MEDIUM
MASEDA SEASONING POWDER SOUP,21530335830,WINSTAR FOOD HOLDINGS LIMITED,MASEDA,10G,SACHET,GHANA,,SEASONING POWDER SOUP,,,,,S232726085_582404200.jpg,HIGH
ROSALINDA NOODLES & SPAGHETTI SEASONING POWDER,,BEE TRADING,ROSALINDA,10G,SACHET,P.R.C.,,SEASONING POWDER,,NEW ENJOY NATURAL GOOD TASTE,,,S232892532_582765828.jpg,HIGH
LAILA DOUBLE CONCENTRATED TOMATO PASTE,,ZHEJIANG NATIVE PRODUCE ANIMAL CO. LTD,LAILA,2.2KG,CAN,CHINA,DOUBLE CONCENTRATED,TOMATO PASTE,TOMATO,,,,S233065853_583213886.jpg,HIGH
MIKSI CHOCOLATE 35G SACHET,,PROMASIDOR (GHANA) LTD,MIKSI,35G,SACHET,GHANA,,CHOCOLATE POWDER,CHOCOLATE,,,,S233153883_583504129.jpg,HIGH
MIKSI CHOCOLATE 3-IN-ONE,,PROMASIDOR (GHANA) LTD,MIKSI,35G,SACHET,GHANA,3-IN-ONE,CHOCOLATE DRINK MIX,CHOCOLATE,,,,S233153883_583504131.jpg,HIGH
SOKLIN SMART 2X LIQUID DETERGENT,,UNILEVER INDONESIA LTD,SOKLIN,35ML,SACHET,INDONESIA,2X,LIQUID DETERGENT,FLORAL,BIG WASH -30,"ANTI BACTERIAL, DEEP CLEAN, COLOUR GUARD, INDOOR DRYING, LONG LASTING FRAGRANCE, NO RESIDUE, DISSOLVES QUICKLY, GENTLE ON HANDS",,S233281131_583917905.jpg,HIGH
KLIN SMART 2X LIQUID DETERGENT SACHET,,UNILEVER INDONESIA LTD,KLIN SMART,35ML,SACHET,INDONESIA,,LIQUID DETERGENT,,,,,S233281131_583917907.jpg,HIGH
EAZZY FRESH CITRUS POWDER SACHET 80G,,AFRICA CONSUMER PRODUCTS,EAZZY,80G,SACHET,GHANA,,POWDER,CITRUS,,,,S233323686_584058762.jpg,HIGH
LUX BRIGHT IMPRESS BAR SOAP JAPANESE CAMELLIA & CITRUS OIL 80G,,UNILEVER,LUX,80G,WRAPPER,INDONESIA,BRIGHT IMPRESS,BAR SOAP,JAPANESE CAMELLIA & CITRUS OIL,,DUAL FUSION OIL,FOR VISIBLY BRIGHT & GLOWING SKIN,S233457181_584380459.jpg,HIGH
LUX BAR BRIGHT IMPRESS SOAP WITH JAPANESE CAMELLIA AND CITRUS OIL,,UNILEVER,LUX,80G,BAR,INDONESIA,BRIGHT IMPRESS,SOAP,JAPANESE CAMELLIA AND CITRUS OIL,,,POUR UNE PEAU VISIBLEMENT ÉCLATANTE,S233457181_584380461.jpg,HIGH
LUX BAR BRIGHT IMPRESS 80G,,UNILEVER,LUX,80G,BOX,INDONESIA,BRIGHT IMPRESS,BAR,,,,,S233457181_584380462.jpg,HIGH
MILO MALT CHOCOLATE DRINK POWDER 400G,,NESTLE,MILO,400G,TIN,GHANA,,DRINK POWDER,MALT CHOCOLATE,,,MILO SUPPORTS ENERGY RELEASE,S233576818_584688925.jpg,HIGH
MILO ENERGY FOOD DRINK SUPPORTS ENERGY RELEASE,,NESTLE,MILO,400G,TIN,GHANA,,ENERGY FOOD DRINK,,,,ENERGY TO GO FURTHER,S233576818_584688926.jpg,HIGH
6 GOODSTART VITAMINS,,NESTLE,GOODSTART,,TUB,GHANA,,VITAMINS,,,,,S233576818_584688944.jpg,MEDIUM
POMO TOMATO MIX MIXTURE DE TOMATE,,GB FOOD GHANA,POMO,,POUCH,GHANA,,TOMATO MIX,TOMATO,"OPEN PACK FOR UNIQUE CODE, TEXT CODE TO *99*, WIN A CAR AND OTHER PRIZES",HALAL CERTIFICATION,,S231985315_580556438.jpg,MEDIUM
ALFA MAYONNAISE 500ML,21530335830,WINSTAR FOOD HOLDINGS LIMITED,ALFA,500ML,BOTTLE,GHANA,,MAYONNAISE,,,,THE DELICIOUS TASTE IN EVERY MEAL,S232726085_582404205.jpg,HIGH
BLUE BAND ORIGINAL SALTED MARGARINE LOW FAT SPREAD FOR BREAD,,NESTLE,BLUE BAND,250G,TUB,GHANA,ORIGINAL LOW FAT,MARGARINE SPREAD,SALTED,VITAMIN,,GREAT TASTE & NUTRITIOUS,S233576818_584688943.jpg,HIGH
BLUE BAND ORIGINAL SALTED MARGARINE VITAMIN A SPREAD FOR BREAD LOW FAT,,NESTLE,BLUE BAND,450G,TUB,GHANA,ORIGINAL LOW FAT,MARGARINE,SALTED,,VITAMIN A,,S233576818_584688945.jpg,HIGH
BLUE BAND SALTED MARGARINE CHOLESTEROL FREE SPREAD FOR BREAD,,NESTLE,BLUE BAND,12G,SACHET,GHANA,CHOLESTEROL FREE,MARGARINE,SALTED,,SPREAD FOR BREAD,,S233576818_584688959.jpg,HIGH
BLUE BAND SALTED MARGARINE CHOLESTEROL FREE SPREAD FOR BREAD,,NESTLE,BLUE BAND,12G,SACHET,GHANA,CHOLESTEROL FREE,MARGARINE SPREAD,SALTED,,"9 VITAMINS, PLANT BASED",GREAT TASTE & NUTRITIOUS,S233576818_584688960.jpg,HIGH
